Location,Distance,Time
Gayley Court Apartment,372.803829,4.660048
Landfair Apartments,387.772195,4.847152
Gayley Heights,483.559975,6.044500
Glenrock Apartments,531.454554,6.643182
Levering Terrace Apartments,576.667251,7.208341
Glenrock West Apartments,580.107680,7.251346
Westwood Chateau Apartments,626.268047,7.828351
Tipuana,634.821131,7.935264
Westwood Palms Apartments,666.578504,8.332231
Laurel,670.665571,8.383320
Palo Verde,692.487745,8.656097
