Location,Distance,Time
Landfair Apartments,892.841870,11.160523
Westwood Chateau Apartments,942.056704,11.775709
Gayley Court Apartments,951.095316,11.888691
Westwood Palms Apartments,960.727228,12.009090
Glenrock Apartments,988.906115,12.361326
Glenrock West Apartments,1033.205566,12.915070
Gayley Heights,1070.793053,13.384913
Levering Terrace Apartments,1163.159927,14.539499
Tipuana,1218.120818,15.226510
Laurel,1260.577983,15.757225
Palo Verde,1273.454120,15.918177
